Nike,Fashion,5212.0,2026-08-02 09:26:11,true,2025-09-10,7415.0,101,Nike Footwear System,262,Footwear,Beck-West
Apple,Electronics,25573.0,2026-08-02 09:26:11,true,2026-01-24,35213.0,102,Apple Laptops Successful,257,Laptops,Jones-Mckenzie
Amul,Grocery,1080.0,2026-08-02 09:26:11,true,2024-09-17,1487.0,103,Amul Beverages Deal,106,Beverages,Vega LLC
Levi's,Fashion,3948.0,2026-08-02 09:26:11,true,2024-12-14,5955.0,104,Levi's Footwear Join,396,Footwear,"Shannon, Dunn and Golden"
Nike,Fashion,6441.0,2026-08-02 09:26:11,true,2026-02-09,9762.0,105,Nike Women's Clothing Color,22,Women's Clothing,"David, Valdez and Travis"
Nivea,Beauty,543.0,2026-08-02 09:26:11,true,2024-12-12,922.0,106,Nivea Skincare Popular,316,Skincare,"Mcdonald, Middleton and Nelson"
Kellogg's,Grocery,60.0,2026-08-02 09:26:11,true,2024-09-10,91.0,107,Kellogg's Dairy Near,146,Dairy,Oconnor-Stevenson
Britannia,Grocery,699.0,2026-08-02 09:26:11,true,2025-08-09,1101.0,108,Britannia Dairy International,497,Dairy,"Ferguson, Johnson and Miranda"
Dell,Electronics,69268.0,2026-08-02 09:26:11,true,2024-11-10,83338.0,109,Dell Mobile Phones Method,360,Mobile Phones,Mason-Cisneros
Dell,Electronics,36661.0,2026-08-02 09:26:11,true,2026-03-26,42683.0,110,Dell Mobile Phones Ten,294,Mobile Phones,"Bell, Baker and Holmes"
Britannia,Grocery,489.0,2026-08-02 09:26:11,true,2024-09-11,732.0,111,Britannia Fruits Figure,192,Fruits,"Smith, Harris and Taylor"
Havells,Home,18712.0,2026-08-02 09:26:11,true,2025-08-24,27676.0,112,Havells Bedding Recent,108,Bedding,"Whitaker, Aguilar and Gamble"
Nivea,Beauty,150.0,2026-08-02 09:26:11,true,2025-01-31,240.0,113,Nivea Personal Care Affect,261,Personal Care,"Sims, Cox and Cruz"
Zara,Fashion,3944.0,2026-08-02 09:26:11,true,2025-08-21,7665.0,114,Zara Kidswear Number,307,Kidswear,Mann-Long
Dell,Electronics,32471.0,2026-08-02 09:26:11,true,2025-10-09,39781.0,115,Dell Laptops Try,3,Laptops,Rose-Lopez
Samsung,Electronics,26358.0,2026-08-02 09:26:11,true,2025-11-28,31428.0,116,Samsung Cameras Nothing,379,Cameras,Diaz-Mullins
Dell,Electronics,77413.0,2026-08-02 09:26:11,true,2025-11-30,90219.0,117,Dell Laptops Civil,138,Laptops,"Maynard, Smith and Sexton"
Amul,Grocery,928.0,2026-08-02 09:26:11,true,2025-02-03,1262.0,118,Amul Beverages Way,448,Beverages,"Ryan, Villa and Lawrence"
Nike,Fashion,1051.0,2026-08-02 09:26:11,true,2025-02-26,1567.0,119,Nike Kidswear Think,194,Kidswear,"Schmidt, Adams and Davis"
Prestige,Home,26119.0,2026-08-02 09:26:11,true,2025-11-23,38566.0,120,Prestige Lighting Spring,227,Lighting,"Hahn, Miller and May"
Amul,Grocery,840.0,2026-08-02 09:26:11,true,2024-09-15,1203.0,121,Amul Vegetables Will,269,Vegetables,"Carson, Baxter and Martinez"
Nestlé,Grocery,210.0,2026-08-02 09:26:11,true,2025-10-17,271.0,122,Nestlé Beverages Very,395,Beverages,"Rice, Orozco and Green"
Levi's,Fashion,4307.0,2026-08-02 09:26:11,true,2025-07-18,8369.0,123,Levi's Men's Clothing Mention,54,Men's Clothing,"Galloway, Barker and Ryan"
IKEA,Home,27884.0,2026-08-02 09:26:11,true,2024-08-15,37136.0,124,IKEA Bedding Class,69,Bedding,Rodriguez-Ferrell
Lakmé,Beauty,2168.0,2026-08-02 09:26:11,true,2025-04-09,3089.0,125,Lakmé Personal Care Behind,65,Personal Care,"Martinez, Luna and Smith"
Nike,Fashion,3632.0,2026-08-02 09:26:11,true,2025-09-16,4916.0,126,Nike Women's Clothing Pattern,148,Women's Clothing,Haas PLC
Godrej,Home,17208.0,2026-08-02 09:26:11,true,2024-09-16,25831.0,127,Godrej Kitchenware Miss,383,Kitchenware,"Maddox, May and Fletcher"
Samsung,Electronics,50022.0,2026-08-02 09:26:11,true,2026-04-25,57363.0,128,Samsung Headphones Like,328,Headphones,Smith LLC
Nivea,Beauty,1119.0,2026-08-02 09:26:11,true,2026-03-09,1904.0,129,Nivea Personal Care Poor,250,Personal Care,Fisher LLC
Maybelline,Beauty,2252.0,2026-08-02 09:26:11,true,2025-11-14,3921.0,130,Maybelline Makeup Nice,27,Makeup,Weaver Ltd
Levi's,Fashion,4799.0,2026-08-02 09:26:11,true,2026-05-12,7227.0,131,Levi's Kidswear Federal,331,Kidswear,Olson PLC
Godrej,Home,14121.0,2026-08-02 09:26:11,true,2025-06-10,20238.0,132,Godrej Kitchenware Draw,424,Kitchenware,Pittman Ltd
Bose,Electronics,68889.0,2026-08-02 09:26:11,true,2025-09-18,78146.0,133,Bose Headphones Fire,336,Headphones,Hall Inc
Bose,Electronics,13751.0,2026-08-02 09:26:11,true,2025-04-16,16707.0,134,Bose Mobile Phones Last,242,Mobile Phones,Garcia-Myers
Zara,Fashion,801.0,2026-08-02 09:26:11,true,2025-05-22,1457.0,135,Zara Accessories Project,387,Accessories,Cooper-Chase
Havells,Home,20344.0,2026-08-02 09:26:11,true,2025-10-16,27765.0,136,Havells Bedding Father,15,Bedding,Anderson-Mills
Sony,Electronics,59820.0,2026-08-02 09:26:11,true,2026-07-23,67605.0,137,Sony Headphones Simple,296,Headphones,Williams and Sons
Britannia,Grocery,1261.0,2026-08-02 09:26:11,true,2025-10-25,1962.0,138,Britannia Beverages White,80,Beverages,Thomas-Palmer
Nestlé,Grocery,944.0,2026-08-02 09:26:11,true,2025-11-06,1360.0,139,Nestlé Fruits To,220,Fruits,"Carlson, Davis and Martin"
Sony,Electronics,37649.0,2026-08-02 09:26:11,true,2025-06-12,53001.0,140,Sony Laptops Wonder,60,Laptops,"Brown, Wright and Ochoa"
L'Oréal,Beauty,3474.0,2026-08-02 09:26:11,true,2026-01-31,4933.0,141,L'Oréal Makeup Power,128,Makeup,"Barron, Poole and Lawson"
Samsung,Electronics,20258.0,2026-08-02 09:26:11,true,2025-04-23,26926.0,142,Samsung Headphones Feeling,350,Headphones,Houston-Gonzalez
L'Oréal,Beauty,975.0,2026-08-02 09:26:11,true,2025-01-30,1700.0,143,L'Oréal Fragrances Pull,270,Fragrances,"Patrick, Wallace and Sandoval"
Nestlé,Grocery,175.0,2026-08-02 09:26:11,true,2025-10-20,235.0,144,Nestlé Vegetables Kid,326,Vegetables,Jones-Miller
Bose,Electronics,44752.0,2026-08-02 09:26:11,true,2024-09-22,54209.0,145,Bose Smartwatches Matter,135,Smartwatches,"Wilson, Marshall and Meyer"
Dell,Electronics,58613.0,2026-08-02 09:26:11,true,2025-07-05,67080.0,146,Dell Headphones Floor,256,Headphones,Riggs-Boone
Bose,Electronics,43187.0,2026-08-02 09:26:11,true,2025-07-07,53036.0,147,Bose Headphones Buy,288,Headphones,Richards-Cox
Havells,Home,35455.0,2026-08-02 09:26:11,true,2025-02-19,46232.0,148,Havells Decor System,153,Decor,Thompson-Adams
Prestige,Home,33449.0,2026-08-02 09:26:11,true,2026-07-17,40278.0,149,Prestige Bedding Outside,377,Bedding,"Harrington, Charles and Hood"
Levi's,Fashion,5017.0,2026-08-02 09:26:11,true,2025-01-15,6762.0,150,Levi's Footwear Common,30,Footwear,"White, Mcbride and Arnold"
Levi's,Fashion,5007.0,2026-08-02 09:26:11,true,2025-10-21,6792.0,151,Levi's Footwear Too,180,Footwear,Rodriguez-Navarro
H&M,Fashion,2300.0,2026-08-02 09:26:11,true,2024-10-05,3668.0,152,H&M Footwear These,296,Footwear,Martinez-Kennedy
Godrej,Home,19441.0,2026-08-02 09:26:11,true,2026-07-25,23722.0,153,Godrej Kitchenware Choose,151,Kitchenware,Lyons-Ray
Levi's,Fashion,1120.0,2026-08-02 09:26:11,true,2024-11-04,1711.0,154,Levi's Footwear Participant,124,Footwear,Ayala and Sons
Nivea,Beauty,229.0,2026-08-02 09:26:11,true,2025-05-15,412.0,155,Nivea Makeup Season,492,Makeup,"Mcmillan, Jenkins and Heath"
Nestlé,Grocery,993.0,2026-08-02 09:26:11,true,2026-07-24,1394.0,156,Nestlé Fruits None,224,Fruits,Walters Inc
Britannia,Grocery,299.0,2026-08-02 09:26:11,true,2024-08-30,379.0,157,Britannia Beverages Nation,33,Beverages,"Gonzalez, Barnes and Jones"
Godrej,Home,15140.0,2026-08-02 09:26:11,true,2024-09-18,20145.0,158,Godrej Furniture Evening,420,Furniture,"Smith, Hall and Wright"
Havells,Home,1396.0,2026-08-02 09:26:11,true,2025-07-16,1970.0,159,Havells Decor Rather,409,Decor,Harris-Stewart
IKEA,Home,31250.0,2026-08-02 09:26:11,true,2026-03-06,43230.0,160,IKEA Bedding Process,347,Bedding,"Jones, Taylor and Conrad"
Havells,Home,28207.0,2026-08-02 09:26:11,true,2026-01-10,43006.0,161,Havells Decor Perhaps,29,Decor,Smith Group
Maybelline,Beauty,1080.0,2026-08-02 09:26:11,true,2026-01-13,1958.0,162,Maybelline Personal Care Back,303,Personal Care,"Dean, Burgess and Nguyen"
Nivea,Beauty,1977.0,2026-08-02 09:26:11,true,2026-05-26,2728.0,163,Nivea Fragrances History,137,Fragrances,Tucker-Carr
Nike,Fashion,3905.0,2026-08-02 09:26:11,true,2025-03-05,7348.0,164,Nike Accessories Every,468,Accessories,Mitchell-Snyder
Havells,Home,10514.0,2026-08-02 09:26:11,true,2025-05-16,13482.0,165,Havells Kitchenware Pm,135,Kitchenware,"Burton, Payne and Espinoza"
Lakmé,Beauty,1958.0,2026-08-02 09:26:11,true,2026-04-22,2720.0,166,Lakmé Haircare Hour,450,Haircare,"Rodgers, Colon and Wheeler"
Zara,Fashion,1778.0,2026-08-02 09:26:11,true,2026-01-07,3216.0,167,Zara Footwear Evening,249,Footwear,West LLC
Nivea,Beauty,1146.0,2026-08-02 09:26:11,true,2024-11-23,1723.0,168,Nivea Haircare Yes,339,Haircare,"Smith, Johnson and Kim"
Maybelline,Beauty,159.0,2026-08-02 09:26:11,true,2025-07-28,249.0,169,Maybelline Makeup Process,185,Makeup,Maxwell-Moreno
IKEA,Home,4834.0,2026-08-02 09:26:11,true,2025-10-30,7273.0,170,IKEA Kitchenware Health,300,Kitchenware,Maldonado-Richards
Samsung,Electronics,64181.0,2026-08-02 09:26:11,true,2025-01-07,83036.0,171,Samsung Cameras Maintain,367,Cameras,Martinez-Mora
Philips,Home,30905.0,2026-08-02 09:26:11,true,2025-04-21,38976.0,172,Philips Decor Its,375,Decor,"King, Brennan and Weiss"
Kellogg's,Grocery,1276.0,2026-08-02 09:26:11,true,2025-12-11,1644.0,173,Kellogg's Beverages Single,127,Beverages,"Ingram, Foster and Pierce"
Dell,Electronics,75178.0,2026-08-02 09:26:11,true,2025-12-12,96075.0,174,Dell Cameras Less,40,Cameras,"Garcia, Robinson and Perry"
Adidas,Fashion,2014.0,2026-08-02 09:26:11,true,2025-10-30,2897.0,175,Adidas Women's Clothing Begin,365,Women's Clothing,"Russell, Lopez and Howell"
Samsung,Electronics,39172.0,2026-08-02 09:26:11,true,2025-01-20,46832.0,176,Samsung Mobile Phones Feeling,124,Mobile Phones,"Schultz, Pacheco and Gutierrez"
Britannia,Grocery,673.0,2026-08-02 09:26:11,true,2026-03-01,979.0,177,Britannia Fruits College,91,Fruits,Thompson-Saunders
Philips,Home,18231.0,2026-08-02 09:26:11,true,2024-11-01,26861.0,178,Philips Bedding Our,25,Bedding,Hill Group
Havells,Home,25349.0,2026-08-02 09:26:11,true,2025-01-19,30223.0,179,Havells Kitchenware Inside,230,Kitchenware,"Jones, Roberts and Lopez"
Dove,Beauty,1120.0,2026-08-02 09:26:11,true,2025-04-08,1645.0,180,Dove Personal Care Assume,45,Personal Care,Martin-Gomez
Adidas,Fashion,591.0,2026-08-02 09:26:11,true,2024-10-20,1113.0,181,Adidas Footwear Top,78,Footwear,"Parker, Taylor and Graves"
Apple,Electronics,65282.0,2026-08-02 09:26:11,true,2025-04-28,73455.0,182,Apple Cameras Surface,247,Cameras,Hart-Moyer
Maybelline,Beauty,3130.0,2026-08-02 09:26:11,true,2025-11-05,4579.0,183,Maybelline Makeup Water,39,Makeup,"Thompson, Stewart and Bush"
L'Oréal,Beauty,2786.0,2026-08-02 09:26:11,true,2025-05-20,4543.0,184,L'Oréal Makeup Product,247,Makeup,Keith LLC
Nike,Fashion,1056.0,2026-08-02 09:26:11,true,2025-08-27,2100.0,185,Nike Kidswear Campaign,116,Kidswear,"Vasquez, Rubio and Burke"
PepsiCo,Grocery,1235.0,2026-08-02 09:26:11,true,2026-04-24,1842.0,186,PepsiCo Snacks Life,425,Snacks,Mendoza LLC
Zara,Fashion,4384.0,2026-08-02 09:26:11,true,2026-01-19,6424.0,187,Zara Accessories Be,149,Accessories,"Mejia, Miller and Kemp"
PepsiCo,Grocery,929.0,2026-08-02 09:26:11,true,2025-11-06,1427.0,188,PepsiCo Vegetables Approach,120,Vegetables,Ortiz-Ellis
Maybelline,Beauty,1049.0,2026-08-02 09:26:11,true,2025-11-01,1693.0,189,Maybelline Personal Care Control,324,Personal Care,Freeman-Morgan
Kellogg's,Grocery,906.0,2026-08-02 09:26:11,true,2025-09-12,1176.0,190,Kellogg's Beverages Pay,142,Beverages,Duncan-Perez
Philips,Home,4817.0,2026-08-02 09:26:11,true,2025-11-01,6923.0,191,Philips Bedding Current,415,Bedding,"Wheeler, Foster and Fernandez"
Kellogg's,Grocery,749.0,2026-08-02 09:26:11,true,2025-04-17,1002.0,192,Kellogg's Fruits Movement,93,Fruits,Anderson and Sons
Havells,Home,4717.0,2026-08-02 09:26:11,true,2025-09-19,6513.0,193,Havells Furniture Poor,452,Furniture,Serrano LLC
Sony,Electronics,34098.0,2026-08-02 09:26:11,true,2025-01-14,44654.0,194,Sony Smartwatches List,257,Smartwatches,Carr Inc
Dell,Electronics,13070.0,2026-08-02 09:26:11,true,2024-09-15,15045.0,195,Dell Smartwatches Material,99,Smartwatches,Allen-Brown
Bose,Electronics,46735.0,2026-08-02 09:26:11,true,2024-12-20,53212.0,196,Bose Mobile Phones Because,124,Mobile Phones,Li-Wilson
IKEA,Home,25676.0,2026-08-02 09:26:11,true,2025-04-16,34046.0,197,IKEA Lighting Hit,95,Lighting,Mcmahon Ltd
Godrej,Home,24385.0,2026-08-02 09:26:11,true,2026-03-19,35911.0,198,Godrej Bedding Finally,307,Bedding,James-Johnson
Amul,Grocery,1052.0,2026-08-02 09:26:11,true,2026-07-17,1500.0,199,Amul Beverages Few,5,Beverages,"Stephens, Thompson and Jones"
Godrej,Home,33375.0,2026-08-02 09:26:11,true,2025-08-01,39740.0,200,Godrej Lighting White,326,Lighting,"Kim, Gutierrez and Mckee"
Havells,Home,32896.0,2026-08-02 09:26:11,true,2026-01-15,49352.0,201,Havells Lighting Environment,1,Lighting,"Hart, Curry and Grant"
Amul,Grocery,968.0,2026-08-02 09:26:11,true,2025-02-15,1566.0,202,Amul Fruits Imagine,27,Fruits,Davenport-Hawkins
PepsiCo,Grocery,372.0,2026-08-02 09:26:11,true,2025-04-10,578.0,203,PepsiCo Beverages New,386,Beverages,Brown-Bass
Godrej,Home,712.0,2026-08-02 09:26:11,true,2025-03-04,1064.0,204,Godrej Furniture Leg,49,Furniture,"Carlson, Hebert and Lewis"
Godrej,Home,15202.0,2026-08-02 09:26:11,true,2024-12-16,21315.0,205,Godrej Bedding Impact,360,Bedding,Armstrong and Sons
Prestige,Home,16186.0,2026-08-02 09:26:11,true,2025-05-06,24266.0,206,Prestige Bedding Information,1,Bedding,Young-Davis
Nestlé,Grocery,1385.0,2026-08-02 09:26:11,true,2025-07-10,1875.0,207,Nestlé Snacks Whatever,297,Snacks,Schmidt-Ortega
Britannia,Grocery,743.0,2026-08-02 09:26:11,true,2025-11-21,1032.0,208,Britannia Dairy Her,84,Dairy,Mcgrath-Rollins
Havells,Home,4934.0,2026-08-02 09:26:11,true,2026-04-23,6287.0,209,Havells Decor Quite,363,Decor,Pierce PLC
Sony,Electronics,23515.0,2026-08-02 09:26:11,true,2024-12-15,30207.0,210,Sony Cameras Include,492,Cameras,Boyd-Crosby
L'Oréal,Beauty,2741.0,2026-08-02 09:26:11,true,2025-02-07,4320.0,211,L'Oréal Skincare Organization,351,Skincare,Rice and Sons
Maybelline,Beauty,1734.0,2026-08-02 09:26:11,true,2024-12-06,2482.0,212,Maybelline Haircare Owner,476,Haircare,Blevins-Shepherd
Havells,Home,9603.0,2026-08-02 09:26:11,true,2026-06-26,12239.0,213,Havells Furniture Course,138,Furniture,Robinson-Lee
Levi's,Fashion,2993.0,2026-08-02 09:26:11,true,2026-04-11,4343.0,214,Levi's Women's Clothing Best,228,Women's Clothing,Casey-Vincent
Samsung,Electronics,51661.0,2026-08-02 09:26:11,true,2026-02-11,60768.0,215,Samsung Cameras Form,304,Cameras,"Schwartz, Oneal and Dominguez"
Adidas,Fashion,2234.0,2026-08-02 09:26:11,true,2025-12-12,3952.0,216,Adidas Men's Clothing Almost,372,Men's Clothing,Wheeler-Williams
Nivea,Beauty,3079.0,2026-08-02 09:26:11,true,2024-12-05,4186.0,217,Nivea Haircare Light,363,Haircare,"Webb, Sanchez and Nelson"
Havells,Home,8171.0,2026-08-02 09:26:11,true,2024-11-21,11542.0,218,Havells Decor Build,329,Decor,Harrison Ltd
Nestlé,Grocery,600.0,2026-08-02 09:26:11,true,2024-10-30,996.0,219,Nestlé Beverages Fund,45,Beverages,Garner-Reid
Kellogg's,Grocery,108.0,2026-08-02 09:26:11,true,2025-09-20,160.0,220,Kellogg's Snacks Field,471,Snacks,Nicholson-Hester
Godrej,Home,1672.0,2026-08-02 09:26:11,true,2024-11-12,2276.0,221,Godrej Bedding Tree,157,Bedding,"Gentry, Mckinney and Padilla"
Dove,Beauty,1880.0,2026-08-02 09:26:11,true,2026-05-10,3315.0,222,Dove Skincare Recent,85,Skincare,Thompson Inc
Lakmé,Beauty,2536.0,2026-08-02 09:26:11,true,2025-12-06,3403.0,223,Lakmé Skincare West,394,Skincare,Schaefer-Espinoza
Adidas,Fashion,2365.0,2026-08-02 09:26:11,true,2025-08-28,3817.0,224,Adidas Kidswear Ability,375,Kidswear,"Chapman, Alvarez and Marsh"
Godrej,Home,3258.0,2026-08-02 09:26:11,true,2025-09-01,4237.0,225,Godrej Lighting Exist,445,Lighting,Lee LLC
Godrej,Home,11144.0,2026-08-02 09:26:11,true,2026-03-20,14745.0,226,Godrej Kitchenware For,146,Kitchenware,Hunter-Fitzgerald
Zara,Fashion,3319.0,2026-08-02 09:26:11,true,2026-05-07,5556.0,227,Zara Men's Clothing Look,395,Men's Clothing,Ramirez-Gutierrez
Prestige,Home,12391.0,2026-08-02 09:26:11,true,2025-04-08,14856.0,228,Prestige Decor Hold,101,Decor,Edwards Inc
Amul,Grocery,1563.0,2026-08-02 09:26:11,true,2026-02-08,1996.0,229,Amul Beverages Serious,219,Beverages,Lee and Sons
Amul,Grocery,747.0,2026-08-02 09:26:11,true,2024-11-10,1071.0,230,Amul Vegetables Hand,298,Vegetables,Roberts-Hernandez
IKEA,Home,35303.0,2026-08-02 09:26:11,true,2025-04-13,48684.0,231,IKEA Furniture Again,411,Furniture,Morgan PLC
Samsung,Electronics,30523.0,2026-08-02 09:26:11,true,2025-06-17,34940.0,232,Samsung Cameras Second,418,Cameras,Day Inc
Sony,Electronics,34909.0,2026-08-02 09:26:11,true,2025-07-27,48208.0,233,Sony Cameras Country,120,Cameras,"Garcia, Russell and Smith"
Zara,Fashion,5505.0,2026-08-02 09:26:11,true,2024-10-16,7853.0,234,Zara Men's Clothing Minute,192,Men's Clothing,"Curry, Robinson and Brandt"
Lakmé,Beauty,1563.0,2026-08-02 09:26:11,true,2024-09-09,2275.0,235,Lakmé Skincare Tend,116,Skincare,"Rodriguez, James and Ortiz"
Nike,Fashion,2407.0,2026-08-02 09:26:11,true,2026-03-04,3800.0,236,Nike Kidswear Create,112,Kidswear,"Jones, Washington and Thornton"
Kellogg's,Grocery,1090.0,2026-08-02 09:26:11,true,2025-10-09,1460.0,237,Kellogg's Vegetables Everybody,105,Vegetables,Pham Inc
L'Oréal,Beauty,3279.0,2026-08-02 09:26:11,true,2026-03-24,4509.0,238,L'Oréal Haircare Notice,247,Haircare,Barrera PLC
Havells,Home,40055.0,2026-08-02 09:26:11,true,2026-03-11,48662.0,239,Havells Lighting Network,479,Lighting,Spencer-Nguyen
Bose,Electronics,17988.0,2026-08-02 09:26:11,true,2025-02-26,25126.0,240,Bose Laptops See,147,Laptops,"Keith, Yang and Thomas"
Godrej,Home,21079.0,2026-08-02 09:26:11,true,2026-01-02,25322.0,241,Godrej Lighting Perform,392,Lighting,"Wise, Russell and Chen"
Amul,Grocery,590.0,2026-08-02 09:26:11,true,2025-05-28,893.0,242,Amul Snacks Expert,409,Snacks,"Moore, Gates and Andersen"
Zara,Fashion,652.0,2026-08-02 09:26:11,true,2026-07-31,1153.0,243,Zara Accessories Father,236,Accessories,Tucker PLC
Britannia,Grocery,966.0,2026-08-02 09:26:11,true,2025-12-22,1322.0,244,Britannia Fruits Worry,492,Fruits,Salinas-Friedman
Britannia,Grocery,324.0,2026-08-02 09:26:11,true,2026-05-21,429.0,245,Britannia Beverages Over,413,Beverages,"Ford, Nguyen and Wang"
H&M,Fashion,6292.0,2026-08-02 09:26:11,true,2025-08-12,8917.0,246,H&M Kidswear Visit,21,Kidswear,White Inc
H&M,Fashion,1705.0,2026-08-02 09:26:11,true,2025-08-13,2854.0,247,H&M Accessories Car,27,Accessories,Howe LLC
Levi's,Fashion,391.0,2026-08-02 09:26:11,true,2024-10-15,688.0,248,Levi's Men's Clothing Red,451,Men's Clothing,Doyle-Mills
Adidas,Fashion,3425.0,2026-08-02 09:26:11,true,2026-06-01,5334.0,249,Adidas Accessories Reason,205,Accessories,Carlson PLC
Nivea,Beauty,1542.0,2026-08-02 09:26:11,true,2024-08-13,2622.0,250,Nivea Personal Care Support,485,Personal Care,"Anthony, Jones and Cochran"
Sony,Electronics,39048.0,2026-08-02 09:26:11,true,2025-11-09,43881.0,251,Sony Smartwatches Reason,366,Smartwatches,Sharp PLC
H&M,Fashion,3183.0,2026-08-02 09:26:11,true,2025-03-23,4515.0,252,H&M Women's Clothing Sit,191,Women's Clothing,"Mccall, Hanson and Jones"
Maybelline,Beauty,2971.0,2026-08-02 09:26:11,true,2025-07-27,4438.0,253,Maybelline Makeup Account,308,Makeup,Liu Group
Amul,Grocery,376.0,2026-08-02 09:26:11,true,2026-06-18,617.0,254,Amul Beverages Others,272,Beverages,"Shaw, Todd and Perkins"
Bose,Electronics,70975.0,2026-08-02 09:26:11,true,2025-12-26,80019.0,255,Bose Cameras Long,182,Cameras,Jackson Inc
Nivea,Beauty,1583.0,2026-08-02 09:26:11,true,2024-11-10,2871.0,256,Nivea Fragrances When,494,Fragrances,"Contreras, Nelson and Mitchell"
Amul,Grocery,704.0,2026-08-02 09:26:11,true,2026-04-10,1047.0,257,Amul Beverages While,202,Beverages,Stuart-Bowen
Philips,Home,23626.0,2026-08-02 09:26:11,true,2024-09-24,32179.0,258,Philips Bedding Paper,458,Bedding,Reynolds-Cunningham
IKEA,Home,32023.0,2026-08-02 09:26:11,true,2025-05-29,44969.0,259,IKEA Kitchenware Hospital,484,Kitchenware,Farmer LLC
Bose,Electronics,58572.0,2026-08-02 09:26:11,true,2025-08-11,68997.0,260,Bose Cameras Raise,389,Cameras,Malone PLC
Samsung,Electronics,11566.0,2026-08-02 09:26:11,true,2026-04-09,16355.0,261,Samsung Cameras Traditional,445,Cameras,Marshall Ltd
Kellogg's,Grocery,690.0,2026-08-02 09:26:11,true,2025-02-23,1139.0,262,Kellogg's Fruits Safe,319,Fruits,"Guerrero, Arias and Berg"
Britannia,Grocery,608.0,2026-08-02 09:26:11,true,2025-10-03,771.0,263,Britannia Snacks Big,66,Snacks,Blair Group
H&M,Fashion,672.0,2026-08-02 09:26:11,true,2024-10-26,1128.0,264,H&M Accessories Mention,487,Accessories,Gonzalez-Whitney
Godrej,Home,19233.0,2026-08-02 09:26:11,true,2026-05-13,23932.0,265,Godrej Kitchenware How,370,Kitchenware,"Johnson, Burnett and Boyd"
Levi's,Fashion,3526.0,2026-08-02 09:26:11,true,2026-03-20,6886.0,266,Levi's Kidswear Teach,128,Kidswear,Green-Daniels
L'Oréal,Beauty,364.0,2026-08-02 09:26:11,true,2025-05-20,632.0,267,L'Oréal Fragrances Call,473,Fragrances,Dillon-Richardson
L'Oréal,Beauty,1556.0,2026-08-02 09:26:11,true,2024-08-19,2107.0,268,L'Oréal Fragrances The,86,Fragrances,Phillips Inc
Nivea,Beauty,2367.0,2026-08-02 09:26:11,true,2025-07-06,3233.0,269,Nivea Personal Care Once,83,Personal Care,Koch Group
Nivea,Beauty,2493.0,2026-08-02 09:26:11,true,2025-07-16,3585.0,270,Nivea Skincare Produce,168,Skincare,Vargas-Kelly
H&M,Fashion,3090.0,2026-08-02 09:26:11,true,2025-04-11,5633.0,271,H&M Footwear Stuff,478,Footwear,Aguilar Inc
Nestlé,Grocery,566.0,2026-08-02 09:26:11,true,2025-09-11,874.0,272,Nestlé Fruits Parent,110,Fruits,Johnson-Soto
Philips,Home,12882.0,2026-08-02 09:26:11,true,2025-09-11,18899.0,273,Philips Lighting Do,481,Lighting,"Murphy, Costa and Steele"
Nike,Fashion,6834.0,2026-08-02 09:26:11,true,2026-05-12,9358.0,274,Nike Accessories Plant,139,Accessories,Thomas LLC
Bose,Electronics,78167.0,2026-08-02 09:26:11,true,2025-01-10,93469.0,275,Bose Laptops Range,301,Laptops,"Morales, Baldwin and Mitchell"
Zara,Fashion,5694.0,2026-08-02 09:26:11,true,2026-02-04,9049.0,276,Zara Footwear Strong,409,Footwear,Owen Ltd
Lakmé,Beauty,2639.0,2026-08-02 09:26:11,true,2026-02-15,3542.0,277,Lakmé Haircare Article,339,Haircare,"Meyer, Mcgee and Jackson"
Dell,Electronics,78754.0,2026-08-02 09:26:11,true,2026-04-14,87973.0,278,Dell Cameras Better,53,Cameras,Santos-Leach
Levi's,Fashion,804.0,2026-08-02 09:26:11,true,2026-02-28,1580.0,279,Levi's Women's Clothing Bed,186,Women's Clothing,Lawrence Group
L'Oréal,Beauty,2392.0,2026-08-02 09:26:11,true,2025-04-10,3689.0,280,L'Oréal Fragrances Pull,486,Fragrances,Wade LLC
IKEA,Home,17784.0,2026-08-02 09:26:11,true,2025-06-29,25308.0,281,IKEA Bedding Themselves,126,Bedding,Martin-Fisher
Sony,Electronics,14113.0,2026-08-02 09:26:11,true,2025-10-15,17249.0,282,Sony Mobile Phones Food,172,Mobile Phones,Myers Group
Nestlé,Grocery,200.0,2026-08-02 09:26:11,true,2025-12-23,260.0,283,Nestlé Fruits Everyone,105,Fruits,Johnson Inc
PepsiCo,Grocery,1259.0,2026-08-02 09:26:11,true,2025-04-15,1667.0,284,PepsiCo Snacks Ask,326,Snacks,"Edwards, Smith and Weaver"
Lakmé,Beauty,2072.0,2026-08-02 09:26:11,true,2026-07-12,3636.0,285,Lakmé Personal Care None,483,Personal Care,Thompson and Sons
Levi's,Fashion,3613.0,2026-08-02 09:26:11,true,2026-01-11,5126.0,286,Levi's Men's Clothing Purpose,8,Men's Clothing,Roberson-Morris
Godrej,Home,15684.0,2026-08-02 09:26:11,true,2025-12-12,19337.0,287,Godrej Bedding Off,480,Bedding,Ortiz PLC
Bose,Electronics,71949.0,2026-08-02 09:26:11,true,2025-10-28,89957.0,288,Bose Laptops Walk,72,Laptops,Mcdonald LLC
Philips,Home,3763.0,2026-08-02 09:26:11,true,2024-09-21,4513.0,289,Philips Bedding Dinner,2,Bedding,Santana-Wright
Nike,Fashion,2767.0,2026-08-02 09:26:11,true,2026-01-02,4340.0,290,Nike Accessories Fine,188,Accessories,Beck-Mitchell
Amul,Grocery,957.0,2026-08-02 09:26:11,true,2026-04-26,1403.0,291,Amul Dairy Chance,466,Dairy,Lucas-Jones
IKEA,Home,4508.0,2026-08-02 09:26:11,true,2025-04-06,5909.0,292,IKEA Lighting Official,115,Lighting,Miles and Sons
Amul,Grocery,459.0,2026-08-02 09:26:11,true,2025-08-28,588.0,293,Amul Vegetables Sure,471,Vegetables,"Barton, Tran and Lane"
Maybelline,Beauty,2726.0,2026-08-02 09:26:11,true,2026-04-25,3992.0,294,Maybelline Makeup Senior,338,Makeup,Contreras Group
Amul,Grocery,471.0,2026-08-02 09:26:11,true,2026-01-25,767.0,295,Amul Vegetables Success,436,Vegetables,Blanchard-Moore
Lakmé,Beauty,890.0,2026-08-02 09:26:11,true,2025-07-15,1357.0,296,Lakmé Makeup According,394,Makeup,"Barnett, Moore and Hernandez"
Sony,Electronics,86750.0,2026-08-02 09:26:11,true,2025-10-26,97834.0,297,Sony Cameras Word,313,Cameras,Collins Ltd
Philips,Home,22611.0,2026-08-02 09:26:11,true,2026-06-20,27480.0,298,Philips Lighting Mother,350,Lighting,"Winters, Velasquez and Pruitt"
Kellogg's,Grocery,495.0,2026-08-02 09:26:11,true,2024-10-29,658.0,299,Kellogg's Beverages Recognize,497,Beverages,"Conner, Moore and Jones"
Bose,Electronics,79181.0,2026-08-02 09:26:11,true,2025-07-23,98699.0,300,Bose Smartwatches Major,246,Smartwatches,Wood-Gonzales
PepsiCo,Grocery,1127.0,2026-08-02 09:26:11,true,2025-08-01,1447.0,301,PepsiCo Vegetables Represent,147,Vegetables,"Salazar, Steele and Walsh"
Bose,Electronics,67930.0,2026-08-02 09:26:11,true,2024-11-18,81236.0,302,Bose Laptops Above,458,Laptops,Thomas-Lopez
PepsiCo,Grocery,269.0,2026-08-02 09:26:11,true,2024-08-22,419.0,303,PepsiCo Dairy Rest,398,Dairy,Bell-Chung
Britannia,Grocery,177.0,2026-08-02 09:26:11,true,2025-12-09,265.0,304,Britannia Beverages Community,345,Beverages,"Lang, Brewer and Dyer"
Dell,Electronics,61112.0,2026-08-02 09:26:11,true,2026-07-07,71666.0,305,Dell Cameras Security,333,Cameras,Webb-Hanson
Adidas,Fashion,3927.0,2026-08-02 09:26:11,true,2025-10-02,5787.0,306,Adidas Accessories Tax,130,Accessories,Miller Ltd
Britannia,Grocery,83.0,2026-08-02 09:26:11,true,2025-06-02,121.0,307,Britannia Vegetables Become,434,Vegetables,Valdez-Hull
Adidas,Fashion,3016.0,2026-08-02 09:26:11,true,2025-03-19,5966.0,308,Adidas Kidswear Total,96,Kidswear,"Morgan, Moore and York"
Samsung,Electronics,72024.0,2026-08-02 09:26:11,true,2026-07-07,90451.0,309,Samsung Mobile Phones Get,25,Mobile Phones,"Anderson, Jones and Rivers"
L'Oréal,Beauty,193.0,2026-08-02 09:26:11,true,2024-10-24,280.0,310,L'Oréal Makeup Choose,316,Makeup,"Lucas, Brown and Durham"
L'Oréal,Beauty,811.0,2026-08-02 09:26:11,true,2025-01-12,1167.0,311,L'Oréal Fragrances Author,459,Fragrances,"Melton, Wheeler and Jordan"
Prestige,Home,29561.0,2026-08-02 09:26:11,true,2024-12-23,44957.0,312,Prestige Furniture Modern,381,Furniture,Scott-Moore
Dell,Electronics,5356.0,2026-08-02 09:26:11,true,2025-09-08,7624.0,313,Dell Headphones Reach,93,Headphones,Nelson-Waller
Britannia,Grocery,658.0,2026-08-02 09:26:11,true,2025-08-24,934.0,314,Britannia Fruits Yard,279,Fruits,"Knight, Reid and Alvarez"
Dell,Electronics,10430.0,2026-08-02 09:26:11,true,2026-05-18,13662.0,315,Dell Smartwatches Bar,39,Smartwatches,"Sanchez, Fernandez and Anderson"
Nestlé,Grocery,237.0,2026-08-02 09:26:11,true,2025-03-21,314.0,316,Nestlé Vegetables Land,149,Vegetables,Franco-Arias
Zara,Fashion,727.0,2026-08-02 09:26:11,true,2026-06-19,1297.0,317,Zara Footwear Away,9,Footwear,Johnson-Jensen
L'Oréal,Beauty,2603.0,2026-08-02 09:26:11,true,2025-04-27,4379.0,318,L'Oréal Haircare Some,405,Haircare,Randall-Wallace
PepsiCo,Grocery,1097.0,2026-08-02 09:26:11,true,2025-03-02,1796.0,319,PepsiCo Fruits Stage,217,Fruits,"Wilson, Schneider and Hopkins"
Lakmé,Beauty,780.0,2026-08-02 09:26:11,true,2025-03-12,1091.0,320,Lakmé Makeup Recognize,24,Makeup,Peterson PLC
Nestlé,Grocery,993.0,2026-08-02 09:26:11,true,2024-08-18,1421.0,321,Nestlé Snacks Happy,14,Snacks,Fowler Ltd
Kellogg's,Grocery,1318.0,2026-08-02 09:26:11,true,2025-11-15,1757.0,322,Kellogg's Fruits Its,47,Fruits,"Osborne, Kim and Rodriguez"
Adidas,Fashion,3898.0,2026-08-02 09:26:11,true,2025-10-30,6807.0,323,Adidas Footwear Blue,295,Footwear,Hayes-Marquez
Nivea,Beauty,1644.0,2026-08-02 09:26:11,true,2025-12-19,2252.0,324,Nivea Skincare Board,334,Skincare,"Rodriguez, Turner and Davis"
Samsung,Electronics,79516.0,2026-08-02 09:26:11,true,2025-02-17,97144.0,325,Samsung Headphones Build,22,Headphones,Owens-Sanchez
IKEA,Home,11839.0,2026-08-02 09:26:11,true,2026-06-05,17940.0,326,IKEA Decor Brother,342,Decor,Williams-Martinez
Nestlé,Grocery,754.0,2026-08-02 09:26:11,true,2025-06-06,1156.0,327,Nestlé Fruits Style,90,Fruits,Espinoza Group
Lakmé,Beauty,2574.0,2026-08-02 09:26:11,true,2026-05-23,3530.0,328,Lakmé Personal Care Reflect,88,Personal Care,Miller PLC
Nivea,Beauty,949.0,2026-08-02 09:26:11,true,2025-02-26,1308.0,329,Nivea Makeup Five,39,Makeup,Perez-Garcia
Kellogg's,Grocery,1222.0,2026-08-02 09:26:11,true,2024-09-11,1603.0,330,Kellogg's Beverages Ability,458,Beverages,Barnes-Flores
Lakmé,Beauty,2394.0,2026-08-02 09:26:11,true,2024-10-14,3309.0,331,Lakmé Personal Care Change,275,Personal Care,Mckinney Group
Philips,Home,31237.0,2026-08-02 09:26:11,true,2025-12-19,46248.0,332,Philips Bedding Focus,292,Bedding,Garcia-Malone
Levi's,Fashion,4014.0,2026-08-02 09:26:11,true,2025-05-04,7778.0,333,Levi's Kidswear Activity,245,Kidswear,Smith-Smith
Amul,Grocery,1207.0,2026-08-02 09:26:11,true,2025-06-10,1992.0,334,Amul Snacks This,128,Snacks,Williams and Sons
Sony,Electronics,14309.0,2026-08-02 09:26:11,true,2025-09-21,18928.0,335,Sony Laptops Them,96,Laptops,Montoya Inc
Lakmé,Beauty,272.0,2026-08-02 09:26:11,true,2025-11-05,442.0,336,Lakmé Personal Care After,34,Personal Care,"Harris, Pierce and Carter"
Maybelline,Beauty,2051.0,2026-08-02 09:26:11,true,2026-01-27,3623.0,337,Maybelline Haircare I,66,Haircare,Gibson-Fletcher
Philips,Home,37240.0,2026-08-02 09:26:11,true,2025-05-27,48189.0,338,Philips Lighting Seven,157,Lighting,Price-Flores
Dell,Electronics,54021.0,2026-08-02 09:26:11,true,2025-12-05,65435.0,339,Dell Laptops Plant,412,Laptops,Anderson-Edwards
Amul,Grocery,1082.0,2026-08-02 09:26:11,true,2025-09-22,1411.0,340,Amul Snacks Operation,125,Snacks,Galloway PLC
Sony,Electronics,47745.0,2026-08-02 09:26:11,true,2025-03-29,67484.0,341,Sony Smartwatches Official,19,Smartwatches,"Jefferson, Farmer and Patrick"
H&M,Fashion,2580.0,2026-08-02 09:26:11,true,2026-01-26,3655.0,342,H&M Accessories Foreign,226,Accessories,Davis-Obrien
Dove,Beauty,2113.0,2026-08-02 09:26:11,true,2026-06-29,2840.0,343,Dove Skincare Statement,76,Skincare,Townsend LLC
PepsiCo,Grocery,747.0,2026-08-02 09:26:11,true,2024-08-25,971.0,344,PepsiCo Fruits Positive,277,Fruits,"Coleman, Walker and Aguilar"
Sony,Electronics,47300.0,2026-08-02 09:26:11,true,2026-02-12,63121.0,345,Sony Laptops Knowledge,58,Laptops,Gordon-Bridges
PepsiCo,Grocery,942.0,2026-08-02 09:26:11,true,2026-04-26,1414.0,346,PepsiCo Vegetables Each,2,Vegetables,Butler-Palmer
Nestlé,Grocery,1156.0,2026-08-02 09:26:11,true,2025-03-05,1706.0,347,Nestlé Vegetables Minute,35,Vegetables,Finley and Sons
Nivea,Beauty,2188.0,2026-08-02 09:26:11,true,2025-08-04,3199.0,348,Nivea Haircare Again,485,Haircare,"Hoffman, Cunningham and Smith"
Lakmé,Beauty,521.0,2026-08-02 09:26:11,true,2025-10-26,767.0,349,Lakmé Fragrances Truth,304,Fragrances,Johnson-Johnston
Godrej,Home,6922.0,2026-08-02 09:26:11,true,2026-02-13,8382.0,350,Godrej Bedding Toward,252,Bedding,Sherman Inc
IKEA,Home,3661.0,2026-08-02 09:26:11,true,2024-09-26,4987.0,351,IKEA Bedding Coach,95,Bedding,Garrett Inc
Apple,Electronics,30372.0,2026-08-02 09:26:11,true,2026-04-28,41766.0,352,Apple Laptops Some,32,Laptops,"Zimmerman, Wall and Phillips"
Dell,Electronics,18705.0,2026-08-02 09:26:11,true,2025-02-17,21559.0,353,Dell Headphones Cell,57,Headphones,Fuentes Inc
IKEA,Home,13695.0,2026-08-02 09:26:11,true,2024-08-27,18113.0,354,IKEA Furniture Use,178,Furniture,Woods-Gomez
Havells,Home,40307.0,2026-08-02 09:26:11,true,2025-08-20,48556.0,355,Havells Lighting Peace,302,Lighting,Williams-Howard
Zara,Fashion,2673.0,2026-08-02 09:26:11,true,2026-05-08,4125.0,356,Zara Accessories Kind,67,Accessories,"Wagner, Howe and Johnson"
Sony,Electronics,65064.0,2026-08-02 09:26:11,true,2025-11-20,75374.0,357,Sony Cameras Page,156,Cameras,Johnson LLC
Apple,Electronics,62895.0,2026-08-02 09:26:11,true,2025-09-08,89676.0,358,Apple Smartwatches Natural,199,Smartwatches,White LLC
Bose,Electronics,37299.0,2026-08-02 09:26:11,true,2025-08-23,41864.0,359,Bose Mobile Phones Reveal,497,Mobile Phones,"Sandoval, Barron and Porter"
Nike,Fashion,3062.0,2026-08-02 09:26:11,true,2026-03-30,4924.0,360,Nike Accessories Do,60,Accessories,Graham-Torres
Dell,Electronics,10677.0,2026-08-02 09:26:11,true,2024-12-11,15040.0,361,Dell Cameras Make,109,Cameras,Williams Group
PepsiCo,Grocery,1048.0,2026-08-02 09:26:11,true,2025-06-28,1439.0,362,PepsiCo Snacks Material,432,Snacks,Cross-Rodriguez
Apple,Electronics,56331.0,2026-08-02 09:26:11,true,2026-04-16,64625.0,363,Apple Headphones Culture,193,Headphones,"Johnston, Smith and Donovan"
Apple,Electronics,40320.0,2026-08-02 09:26:11,true,2025-02-18,47799.0,364,Apple Mobile Phones Popular,208,Mobile Phones,"Kelley, Burgess and Thompson"
Prestige,Home,23952.0,2026-08-02 09:26:11,true,2024-09-25,29183.0,365,Prestige Furniture Beautiful,297,Furniture,Thompson-Adams
H&M,Fashion,2861.0,2026-08-02 09:26:11,true,2024-08-22,3816.0,366,H&M Kidswear Inside,69,Kidswear,Hall-Gibson
Havells,Home,30966.0,2026-08-02 09:26:11,true,2025-03-25,39185.0,367,Havells Lighting Family,315,Lighting,Gonzales Ltd
Philips,Home,36663.0,2026-08-02 09:26:11,true,2025-11-01,46294.0,368,Philips Kitchenware Particular,393,Kitchenware,Barnes-Chavez
Levi's,Fashion,4586.0,2026-08-02 09:26:11,true,2025-03-03,6857.0,369,Levi's Women's Clothing Pass,266,Women's Clothing,Little-Brown
Samsung,Electronics,35986.0,2026-08-02 09:26:11,true,2025-03-01,41909.0,370,Samsung Laptops Hold,473,Laptops,Baker LLC
Dell,Electronics,25797.0,2026-08-02 09:26:11,true,2025-12-02,33078.0,371,Dell Cameras Candidate,386,Cameras,Malone-Moody
IKEA,Home,6649.0,2026-08-02 09:26:11,true,2025-09-14,10123.0,372,IKEA Furniture Significant,482,Furniture,Cox LLC
Kellogg's,Grocery,1016.0,2026-08-02 09:26:11,true,2025-12-02,1310.0,373,Kellogg's Snacks Land,73,Snacks,Medina-Campbell
Havells,Home,22356.0,2026-08-02 09:26:11,true,2025-12-22,30032.0,374,Havells Lighting Father,378,Lighting,Evans-Henson
Bose,Electronics,57604.0,2026-08-02 09:26:11,true,2025-10-02,64700.0,375,Bose Smartwatches Although,3,Smartwatches,"Davenport, Conley and Castro"
Adidas,Fashion,1033.0,2026-08-02 09:26:11,true,2025-12-28,1741.0,376,Adidas Accessories And,22,Accessories,"Horton, Phillips and Sullivan"
Adidas,Fashion,1238.0,2026-08-02 09:26:11,true,2024-10-06,1792.0,377,Adidas Men's Clothing Notice,270,Men's Clothing,Roman PLC
Nivea,Beauty,2272.0,2026-08-02 09:26:11,true,2026-03-28,3190.0,378,Nivea Personal Care Prepare,192,Personal Care,Mitchell-White
PepsiCo,Grocery,299.0,2026-08-02 09:26:11,true,2026-04-06,398.0,379,PepsiCo Dairy Buy,125,Dairy,"White, Hutchinson and Brooks"
IKEA,Home,23887.0,2026-08-02 09:26:11,true,2025-10-27,28829.0,380,IKEA Bedding Second,10,Bedding,Bailey Inc
Sony,Electronics,71326.0,2026-08-02 09:26:11,true,2026-05-22,97947.0,381,Sony Mobile Phones Visit,319,Mobile Phones,Berry-Martin
Godrej,Home,16161.0,2026-08-02 09:26:11,true,2025-08-16,24482.0,382,Godrej Kitchenware Memory,196,Kitchenware,Bowman-Pineda
IKEA,Home,9441.0,2026-08-02 09:26:11,true,2025-02-28,12537.0,383,IKEA Lighting When,410,Lighting,Davis Group
Britannia,Grocery,945.0,2026-08-02 09:26:11,true,2025-05-05,1217.0,384,Britannia Beverages Focus,478,Beverages,Williamson and Sons
Philips,Home,21814.0,2026-08-02 09:26:11,true,2024-11-09,32806.0,385,Philips Kitchenware Item,204,Kitchenware,Cuevas-Ho
Nivea,Beauty,2716.0,2026-08-02 09:26:11,true,2024-09-24,4000.0,386,Nivea Fragrances Poor,382,Fragrances,Collins-Williams
IKEA,Home,21077.0,2026-08-02 09:26:11,true,2025-07-22,26313.0,387,IKEA Kitchenware Once,479,Kitchenware,Webb-Ross
Apple,Electronics,66009.0,2026-08-02 09:26:11,true,2025-09-24,75997.0,388,Apple Headphones School,222,Headphones,"Buck, Maddox and Chapman"
Bose,Electronics,35019.0,2026-08-02 09:26:11,true,2025-09-27,46912.0,389,Bose Mobile Phones Style,423,Mobile Phones,Macdonald-Graham
Dove,Beauty,2021.0,2026-08-02 09:26:11,true,2025-02-04,2951.0,390,Dove Fragrances Bit,244,Fragrances,"Hartman, Bennett and Jacobs"
Bose,Electronics,10403.0,2026-08-02 09:26:11,true,2024-11-28,12907.0,391,Bose Smartwatches Threat,345,Smartwatches,Lee Group
Britannia,Grocery,48.0,2026-08-02 09:26:11,true,2025-10-25,61.0,392,Britannia Beverages Behind,466,Beverages,"Lloyd, Roberts and Torres"
Philips,Home,1248.0,2026-08-02 09:26:11,true,2025-08-14,1758.0,393,Philips Furniture Improve,126,Furniture,"Smith, Reynolds and Reilly"
Kellogg's,Grocery,930.0,2026-08-02 09:26:11,true,2025-10-12,1188.0,394,Kellogg's Snacks Start,396,Snacks,"Wiley, Sanchez and Perez"
Nestlé,Grocery,142.0,2026-08-02 09:26:11,true,2025-07-22,190.0,395,Nestlé Snacks Sell,278,Snacks,Hicks-Frazier
Samsung,Electronics,76879.0,2026-08-02 09:26:11,true,2024-09-06,87162.0,396,Samsung Cameras Eye,484,Cameras,"Williams, Walters and Eaton"
Britannia,Grocery,1254.0,2026-08-02 09:26:11,true,2025-04-06,1929.0,397,Britannia Fruits Teach,185,Fruits,Wheeler Inc
Bose,Electronics,14718.0,2026-08-02 09:26:11,true,2026-07-14,20278.0,398,Bose Headphones Simple,256,Headphones,Smith-Johnson
Nivea,Beauty,2339.0,2026-08-02 09:26:11,true,2024-10-14,3741.0,399,Nivea Haircare Though,92,Haircare,"Jones, Vega and Patterson"
Nestlé,Grocery,43.0,2026-08-02 09:26:11,true,2026-05-07,71.0,400,Nestlé Snacks Safe,222,Snacks,Richards Group
Maybelline,Beauty,1447.0,2026-08-02 09:26:11,true,2024-08-11,2592.0,401,Maybelline Makeup Tv,176,Makeup,Patel-Paul
Amul,Grocery,1198.0,2026-08-02 09:26:11,true,2025-12-13,1669.0,402,Amul Beverages Point,191,Beverages,Brown-Pham
Adidas,Fashion,1691.0,2026-08-02 09:26:11,true,2026-07-23,2999.0,403,Adidas Accessories Easy,33,Accessories,Bowman PLC
Philips,Home,14708.0,2026-08-02 09:26:11,true,2026-02-11,17967.0,404,Philips Decor Cover,196,Decor,Sullivan LLC
IKEA,Home,34695.0,2026-08-02 09:26:11,true,2025-04-12,47340.0,405,IKEA Lighting Spend,23,Lighting,"Ford, Wood and Chandler"
Apple,Electronics,69148.0,2026-08-02 09:26:11,true,2026-02-21,77624.0,406,Apple Smartwatches Even,99,Smartwatches,Banks PLC
Nestlé,Grocery,408.0,2026-08-02 09:26:11,true,2026-07-21,549.0,407,Nestlé Beverages Unit,437,Beverages,Chandler Inc
Philips,Home,27424.0,2026-08-02 09:26:11,true,2025-10-08,39948.0,408,Philips Lighting Country,235,Lighting,"Holland, Dixon and Mason"
Bose,Electronics,34914.0,2026-08-02 09:26:11,true,2026-07-16,47641.0,409,Bose Laptops Everything,173,Laptops,Mccoy-Moore
Havells,Home,12797.0,2026-08-02 09:26:11,true,2025-02-11,16124.0,410,Havells Lighting Left,147,Lighting,Solomon Group
Nivea,Beauty,2247.0,2026-08-02 09:26:11,true,2025-05-09,3284.0,411,Nivea Skincare Their,495,Skincare,Flores Ltd
IKEA,Home,18038.0,2026-08-02 09:26:11,true,2026-01-31,25280.0,412,IKEA Kitchenware Run,352,Kitchenware,Mitchell-Simpson
Godrej,Home,18507.0,2026-08-02 09:26:11,true,2024-11-11,24556.0,413,Godrej Decor Will,486,Decor,Allen Group
Maybelline,Beauty,2179.0,2026-08-02 09:26:11,true,2026-07-26,3307.0,414,Maybelline Haircare Yet,15,Haircare,Smith LLC
Zara,Fashion,837.0,2026-08-02 09:26:11,true,2024-12-08,1346.0,415,Zara Women's Clothing Notice,247,Women's Clothing,"Brooks, Khan and Guerrero"
Samsung,Electronics,57436.0,2026-08-02 09:26:11,true,2025-11-01,68675.0,416,Samsung Cameras Also,109,Cameras,Dean and Sons
Dove,Beauty,471.0,2026-08-02 09:26:11,true,2024-12-19,669.0,417,Dove Haircare Former,392,Haircare,Collier and Sons
Dove,Beauty,2501.0,2026-08-02 09:26:11,true,2024-08-28,3457.0,418,Dove Haircare Yard,118,Haircare,"Stevenson, Sparks and Weaver"
Britannia,Grocery,744.0,2026-08-02 09:26:11,true,2026-02-01,999.0,419,Britannia Dairy Strategy,92,Dairy,"Nixon, Molina and Best"
Lakmé,Beauty,447.0,2026-08-02 09:26:11,true,2025-07-17,663.0,420,Lakmé Personal Care Involve,399,Personal Care,Boyd-Jones
Godrej,Home,11718.0,2026-08-02 09:26:11,true,2025-12-14,14587.0,421,Godrej Furniture Month,41,Furniture,Snow-Hooper
Zara,Fashion,3829.0,2026-08-02 09:26:11,true,2024-10-29,5605.0,422,Zara Accessories Wear,430,Accessories,Kim-Cohen
Nestlé,Grocery,376.0,2026-08-02 09:26:11,true,2026-03-20,499.0,423,Nestlé Dairy Age,110,Dairy,Li Ltd
Adidas,Fashion,3744.0,2026-08-02 09:26:11,true,2026-01-27,6147.0,424,Adidas Footwear Toward,438,Footwear,"Jackson, Wright and Navarro"
Apple,Electronics,9322.0,2026-08-02 09:26:11,true,2025-08-15,10739.0,425,Apple Mobile Phones Father,325,Mobile Phones,"Golden, Foster and Foster"
H&M,Fashion,2733.0,2026-08-02 09:26:11,true,2025-06-17,4464.0,426,H&M Footwear Throw,193,Footwear,"West, Flynn and Munoz"
Sony,Electronics,72771.0,2026-08-02 09:26:11,true,2024-09-13,82231.0,427,Sony Headphones Job,436,Headphones,"Miles, Snyder and Jacobs"
Philips,Home,5098.0,2026-08-02 09:26:11,true,2025-11-28,7520.0,428,Philips Kitchenware Book,272,Kitchenware,Velazquez-Martinez
Adidas,Fashion,5411.0,2026-08-02 09:26:11,true,2025-11-03,8597.0,429,Adidas Men's Clothing Million,415,Men's Clothing,Pena-Hernandez
Zara,Fashion,6571.0,2026-08-02 09:26:11,true,2024-08-28,9165.0,430,Zara Kidswear Sea,115,Kidswear,Terry Group
Lakmé,Beauty,2597.0,2026-08-02 09:26:11,true,2026-02-10,3770.0,431,Lakmé Fragrances Site,398,Fragrances,"Malone, George and Thompson"
Amul,Grocery,596.0,2026-08-02 09:26:11,true,2024-11-16,881.0,432,Amul Vegetables Meeting,63,Vegetables,Jones Group
Britannia,Grocery,822.0,2026-08-02 09:26:11,true,2024-08-04,1326.0,433,Britannia Beverages Investment,377,Beverages,King Inc
Bose,Electronics,7131.0,2026-08-02 09:26:11,true,2026-03-28,9513.0,434,Bose Laptops Happy,238,Laptops,"Good, Taylor and Scott"
Levi's,Fashion,3098.0,2026-08-02 09:26:11,true,2025-08-24,4202.0,435,Levi's Kidswear Say,314,Kidswear,"Salinas, Morgan and Hill"
Godrej,Home,6342.0,2026-08-02 09:26:11,true,2025-01-31,7757.0,436,Godrej Furniture Nothing,476,Furniture,"Brown, Phillips and Huber"
Kellogg's,Grocery,930.0,2026-08-02 09:26:11,true,2026-07-01,1209.0,437,Kellogg's Beverages Same,23,Beverages,"Garcia, Wells and Rollins"
IKEA,Home,35358.0,2026-08-02 09:26:11,true,2025-01-24,43977.0,438,IKEA Furniture Share,111,Furniture,Calhoun-Rodriguez
Amul,Grocery,140.0,2026-08-02 09:26:11,true,2025-10-11,226.0,439,Amul Dairy Source,104,Dairy,Holland-Huerta
Maybelline,Beauty,2060.0,2026-08-02 09:26:11,true,2026-03-07,2753.0,440,Maybelline Haircare Different,479,Haircare,Lewis-Garcia
Amul,Grocery,831.0,2026-08-02 09:26:11,true,2025-08-05,1216.0,441,Amul Vegetables Prepare,498,Vegetables,Campbell-Wilson
Sony,Electronics,57581.0,2026-08-02 09:26:11,true,2025-02-16,78599.0,442,Sony Mobile Phones For,193,Mobile Phones,"Chavez, Rodriguez and Smith"
Samsung,Electronics,59674.0,2026-08-02 09:26:11,true,2025-02-19,75536.0,443,Samsung Headphones Degree,226,Headphones,"Phillips, Mckay and Mason"
Amul,Grocery,408.0,2026-08-02 09:26:11,true,2026-06-03,610.0,444,Amul Snacks Stop,210,Snacks,Morrow-Bush
Havells,Home,19168.0,2026-08-02 09:26:11,true,2025-11-15,25485.0,445,Havells Kitchenware Herself,300,Kitchenware,Johnson-Clark
Zara,Fashion,2507.0,2026-08-02 09:26:11,true,2025-12-05,4698.0,446,Zara Men's Clothing Specific,430,Men's Clothing,Powell-Johnson
Prestige,Home,21648.0,2026-08-02 09:26:11,true,2025-11-19,25891.0,447,Prestige Lighting Say,61,Lighting,Smith-Garcia
Sony,Electronics,51705.0,2026-08-02 09:26:11,true,2024-09-07,61823.0,448,Sony Smartwatches Over,467,Smartwatches,"Francis, Leonard and Underwood"
Nivea,Beauty,1113.0,2026-08-02 09:26:11,true,2025-11-26,1639.0,449,Nivea Haircare Home,231,Haircare,Banks Ltd
L'Oréal,Beauty,302.0,2026-08-02 09:26:11,true,2025-09-17,471.0,450,L'Oréal Personal Care Join,229,Personal Care,"Harper, Russell and Duncan"
Levi's,Fashion,1204.0,2026-08-02 09:26:11,true,2025-11-19,1665.0,451,Levi's Accessories Court,490,Accessories,"Randolph, Martin and Paul"
Dell,Electronics,57038.0,2026-08-02 09:26:11,true,2025-01-23,68241.0,452,Dell Laptops Remain,4,Laptops,Zavala-Jordan
Nike,Fashion,3147.0,2026-08-02 09:26:11,true,2026-01-03,5123.0,453,Nike Accessories Site,250,Accessories,Kramer Inc
Havells,Home,31861.0,2026-08-02 09:26:11,true,2026-02-02,38421.0,454,Havells Lighting Heavy,310,Lighting,Scott-Richardson
Nike,Fashion,1219.0,2026-08-02 09:26:11,true,2025-11-14,2356.0,455,Nike Kidswear Lawyer,198,Kidswear,"Adams, Lewis and Gutierrez"
Zara,Fashion,2957.0,2026-08-02 09:26:11,true,2025-08-02,5729.0,456,Zara Women's Clothing Left,370,Women's Clothing,"Duncan, Miller and Smith"
Nivea,Beauty,1731.0,2026-08-02 09:26:11,true,2025-09-21,2622.0,457,Nivea Skincare North,58,Skincare,Arellano-Orozco
Apple,Electronics,66428.0,2026-08-02 09:26:11,true,2025-05-24,77442.0,458,Apple Laptops Develop,406,Laptops,Kirk Ltd
Sony,Electronics,75146.0,2026-08-02 09:26:11,true,2025-03-21,88152.0,459,Sony Smartwatches Begin,271,Smartwatches,Christian-Garcia
Philips,Home,7618.0,2026-08-02 09:26:11,true,2025-08-04,10146.0,460,Philips Lighting Simply,98,Lighting,Baker-Black
Kellogg's,Grocery,523.0,2026-08-02 09:26:11,true,2026-03-16,758.0,461,Kellogg's Snacks Draw,61,Snacks,"Chase, English and Peterson"
IKEA,Home,28726.0,2026-08-02 09:26:11,true,2025-06-18,39471.0,462,IKEA Lighting Economic,402,Lighting,Shah LLC
Prestige,Home,3416.0,2026-08-02 09:26:11,true,2025-05-17,5129.0,463,Prestige Bedding Which,249,Bedding,"Hunt, Pearson and Jones"
Maybelline,Beauty,1597.0,2026-08-02 09:26:11,true,2024-10-13,2613.0,464,Maybelline Fragrances Writer,113,Fragrances,"Ellis, Garcia and Wells"
PepsiCo,Grocery,375.0,2026-08-02 09:26:11,true,2026-03-29,532.0,465,PepsiCo Dairy Enjoy,462,Dairy,Guerrero and Sons
Dove,Beauty,3310.0,2026-08-02 09:26:11,true,2026-03-13,4631.0,466,Dove Makeup Great,259,Makeup,King Group
Zara,Fashion,1969.0,2026-08-02 09:26:11,true,2024-08-14,2860.0,467,Zara Footwear Direction,49,Footwear,Cabrera-Kim
Kellogg's,Grocery,203.0,2026-08-02 09:26:11,true,2025-03-10,284.0,468,Kellogg's Snacks Name,269,Snacks,Mcintyre Inc
Britannia,Grocery,98.0,2026-08-02 09:26:11,true,2025-01-21,161.0,469,Britannia Snacks Behavior,499,Snacks,Dunn PLC
Zara,Fashion,4631.0,2026-08-02 09:26:11,true,2025-12-13,8422.0,470,Zara Accessories Step,403,Accessories,"Carlson, Nichols and West"
Zara,Fashion,4877.0,2026-08-02 09:26:11,true,2025-06-19,6588.0,471,Zara Footwear Reveal,433,Footwear,Morgan PLC
Nike,Fashion,5313.0,2026-08-02 09:26:11,true,2025-04-10,8212.0,472,Nike Men's Clothing Lawyer,67,Men's Clothing,"Maxwell, Lopez and Martinez"
PepsiCo,Grocery,919.0,2026-08-02 09:26:11,true,2025-01-21,1373.0,473,PepsiCo Fruits Give,142,Fruits,Harris and Sons
Levi's,Fashion,4407.0,2026-08-02 09:26:11,true,2026-07-29,6116.0,474,Levi's Accessories Image,408,Accessories,Garcia LLC
Apple,Electronics,24949.0,2026-08-02 09:26:11,true,2025-12-03,28035.0,475,Apple Headphones Sell,285,Headphones,"Evans, Lopez and Johnson"
Nivea,Beauty,1878.0,2026-08-02 09:26:11,true,2024-12-09,3287.0,476,Nivea Makeup Ok,384,Makeup,Barnes Ltd
Nike,Fashion,1970.0,2026-08-02 09:26:11,true,2024-11-17,3543.0,477,Nike Footwear Stay,453,Footwear,Hines and Sons
Philips,Home,15823.0,2026-08-02 09:26:11,true,2026-04-24,23192.0,478,Philips Decor Deep,358,Decor,Hobbs-King
Levi's,Fashion,2980.0,2026-08-02 09:26:11,true,2026-01-03,4494.0,479,Levi's Accessories Management,311,Accessories,Cobb LLC
Kellogg's,Grocery,381.0,2026-08-02 09:26:11,true,2024-10-18,561.0,480,Kellogg's Snacks Go,83,Snacks,"Franco, Roberts and Bernard"
Kellogg's,Grocery,565.0,2026-08-02 09:26:11,true,2025-09-29,942.0,481,Kellogg's Beverages Bill,294,Beverages,Graham-Tran
Godrej,Home,31974.0,2026-08-02 09:26:11,true,2025-12-19,42898.0,482,Godrej Lighting Perform,456,Lighting,Levine-Brown
Bose,Electronics,15912.0,2026-08-02 09:26:11,true,2025-02-27,21244.0,483,Bose Mobile Phones Police,257,Mobile Phones,"Brown, Gonzalez and Hess"
Levi's,Fashion,3007.0,2026-08-02 09:26:11,true,2025-08-11,5581.0,484,Levi's Women's Clothing What,203,Women's Clothing,Garcia LLC
Adidas,Fashion,5146.0,2026-08-02 09:26:11,true,2024-09-12,7161.0,485,Adidas Women's Clothing Stand,21,Women's Clothing,"Coleman, Stanley and Barrett"
L'Oréal,Beauty,565.0,2026-08-02 09:26:11,true,2026-02-17,956.0,486,L'Oréal Fragrances Husband,202,Fragrances,"Leach, Marshall and Cabrera"
Apple,Electronics,37967.0,2026-08-02 09:26:11,true,2025-07-28,47849.0,487,Apple Smartwatches Purpose,374,Smartwatches,Cooper-Murphy
Maybelline,Beauty,3200.0,2026-08-02 09:26:11,true,2026-02-21,4624.0,488,Maybelline Fragrances Else,40,Fragrances,Wiley-Schroeder
Nike,Fashion,5209.0,2026-08-02 09:26:11,true,2025-02-19,7922.0,489,Nike Men's Clothing Resource,73,Men's Clothing,Morton Ltd
Bose,Electronics,14358.0,2026-08-02 09:26:11,true,2024-09-23,15989.0,490,Bose Cameras Total,299,Cameras,"Buchanan, Espinoza and Leonard"
Maybelline,Beauty,429.0,2026-08-02 09:26:11,true,2024-09-02,610.0,491,Maybelline Personal Care Worker,52,Personal Care,"Castro, Mann and Briggs"
Sony,Electronics,22923.0,2026-08-02 09:26:11,true,2026-01-12,29569.0,492,Sony Smartwatches Account,93,Smartwatches,"Hernandez, Strong and King"
PepsiCo,Grocery,1314.0,2026-08-02 09:26:11,true,2026-05-09,1876.0,493,PepsiCo Fruits Wonder,252,Fruits,"Murray, Patrick and Caldwell"
Prestige,Home,27262.0,2026-08-02 09:26:11,true,2026-02-16,34148.0,494,Prestige Kitchenware Expect,291,Kitchenware,Duncan-Francis
Nivea,Beauty,1537.0,2026-08-02 09:26:11,true,2026-04-01,2341.0,495,Nivea Skincare Heart,440,Skincare,Gallagher Inc
Apple,Electronics,18918.0,2026-08-02 09:26:11,true,2025-04-21,21428.0,496,Apple Laptops Family,323,Laptops,"Garcia, Norris and Patterson"
Kellogg's,Grocery,1392.0,2026-08-02 09:26:11,true,2025-06-24,1912.0,497,Kellogg's Vegetables Artist,350,Vegetables,Gallagher-Medina
Lakmé,Beauty,1334.0,2026-08-02 09:26:11,true,2025-10-25,2323.0,498,Lakmé Haircare Group,384,Haircare,Jacobson PLC
Nestlé,Grocery,793.0,2026-08-02 09:26:11,true,2025-02-11,1018.0,499,Nestlé Snacks Group,161,Snacks,"Guerrero, Young and Zimmerman"
Nivea,Beauty,909.0,2026-08-02 09:26:11,true,2025-02-02,1415.0,500,Nivea Fragrances Arm,491,Fragrances,Burke PLC
IKEA,Home,12070.0,2026-08-02 09:26:11,true,2025-03-19,15408.0,501,IKEA Kitchenware Next,79,Kitchenware,"Cameron, Grimes and Simpson"
Kellogg's,Grocery,627.0,2026-08-02 09:26:11,true,2024-10-16,825.0,502,Kellogg's Beverages Artist,171,Beverages,Harvey-Day
Nestlé,Grocery,1040.0,2026-08-02 09:26:11,true,2024-12-28,1587.0,503,Nestlé Beverages Both,470,Beverages,Pierce-Jones
Godrej,Home,12508.0,2026-08-02 09:26:11,true,2025-10-21,15131.0,504,Godrej Bedding National,318,Bedding,White and Sons
Dove,Beauty,2265.0,2026-08-02 09:26:11,true,2024-10-21,4068.0,505,Dove Fragrances Worry,491,Fragrances,"Hicks, Rodriguez and Collier"
Lakmé,Beauty,2654.0,2026-08-02 09:26:11,true,2025-02-28,3848.0,506,Lakmé Personal Care Work,414,Personal Care,"Reese, Rodriguez and Murray"
Amul,Grocery,716.0,2026-08-02 09:26:11,true,2025-04-25,924.0,507,Amul Vegetables Despite,161,Vegetables,"Hayes, Parker and Robinson"
Havells,Home,24554.0,2026-08-02 09:26:11,true,2026-03-13,31454.0,508,Havells Kitchenware Throw,416,Kitchenware,Nelson-Lindsey
Amul,Grocery,103.0,2026-08-02 09:26:11,true,2025-04-15,158.0,509,Amul Beverages Yard,230,Beverages,Skinner-Mcconnell
Adidas,Fashion,2072.0,2026-08-02 09:26:11,true,2025-08-13,3443.0,510,Adidas Men's Clothing Television,164,Men's Clothing,Nguyen-Mcbride
L'Oréal,Beauty,1684.0,2026-08-02 09:26:11,true,2026-06-07,2327.0,511,L'Oréal Fragrances Item,16,Fragrances,"Wu, Middleton and Rodriguez"
Zara,Fashion,2412.0,2026-08-02 09:26:11,true,2026-06-30,3258.0,512,Zara Accessories Land,259,Accessories,"Medina, Morris and Todd"
Godrej,Home,36772.0,2026-08-02 09:26:11,true,2025-11-04,46720.0,513,Godrej Furniture Stuff,1,Furniture,Sanchez Inc
Samsung,Electronics,17855.0,2026-08-02 09:26:11,true,2026-06-30,25021.0,514,Samsung Mobile Phones Event,256,Mobile Phones,Mcneil-Rodriguez
Dove,Beauty,2345.0,2026-08-02 09:26:11,true,2025-05-17,3288.0,515,Dove Fragrances Discover,196,Fragrances,Ramirez Inc
PepsiCo,Grocery,112.0,2026-08-02 09:26:11,true,2025-07-11,186.0,516,PepsiCo Dairy Peace,470,Dairy,Clark LLC
Kellogg's,Grocery,742.0,2026-08-02 09:26:11,true,2026-01-19,1178.0,517,Kellogg's Beverages Economic,211,Beverages,"Frost, Tran and White"
Godrej,Home,23125.0,2026-08-02 09:26:11,true,2025-09-04,34857.0,518,Godrej Furniture Center,94,Furniture,Holland-Mckee
L'Oréal,Beauty,1812.0,2026-08-02 09:26:11,true,2025-02-08,2854.0,519,L'Oréal Personal Care Local,472,Personal Care,"Rivas, Stevenson and Barnes"
PepsiCo,Grocery,1428.0,2026-08-02 09:26:11,true,2026-04-17,1815.0,520,PepsiCo Beverages Ten,334,Beverages,"Davis, Cooper and Espinoza"
PepsiCo,Grocery,152.0,2026-08-02 09:26:11,true,2026-01-11,245.0,521,PepsiCo Dairy Participant,432,Dairy,Adkins-Woods
Apple,Electronics,27572.0,2026-08-02 09:26:11,true,2026-04-04,37457.0,522,Apple Mobile Phones Serious,322,Mobile Phones,Sandoval-Washington
Dove,Beauty,3150.0,2026-08-02 09:26:11,true,2025-05-05,4839.0,523,Dove Makeup Candidate,184,Makeup,Johnson-Walton
Maybelline,Beauty,397.0,2026-08-02 09:26:11,true,2025-08-04,613.0,524,Maybelline Personal Care Current,130,Personal Care,"Franco, Harris and Stewart"
Prestige,Home,12363.0,2026-08-02 09:26:11,true,2026-07-20,16121.0,525,Prestige Furniture Area,362,Furniture,"Ellis, Robertson and Warren"
Philips,Home,1232.0,2026-08-02 09:26:11,true,2025-04-24,1552.0,526,Philips Lighting Research,90,Lighting,Byrd and Sons
Nivea,Beauty,2887.0,2026-08-02 09:26:11,true,2024-08-18,4790.0,527,Nivea Skincare Most,357,Skincare,"Johnson, Lane and Clark"
Dell,Electronics,46692.0,2026-08-02 09:26:11,true,2025-05-17,60163.0,528,Dell Mobile Phones Word,55,Mobile Phones,Hart-Berger
Kellogg's,Grocery,330.0,2026-08-02 09:26:11,true,2025-05-16,432.0,529,Kellogg's Dairy Relate,127,Dairy,Ellis-Peterson
Apple,Electronics,57387.0,2026-08-02 09:26:11,true,2026-03-12,75767.0,530,Apple Laptops Unit,253,Laptops,"Massey, Graham and Solomon"
L'Oréal,Beauty,1450.0,2026-08-02 09:26:11,true,2026-04-08,2570.0,531,L'Oréal Makeup Where,51,Makeup,"Kelly, Cooper and Roberts"
Prestige,Home,18977.0,2026-08-02 09:26:11,true,2025-03-13,26220.0,532,Prestige Furniture Pattern,90,Furniture,Roman and Sons
Levi's,Fashion,3244.0,2026-08-02 09:26:11,true,2025-09-16,4933.0,533,Levi's Footwear Standard,251,Footwear,Bowman Ltd
Godrej,Home,8292.0,2026-08-02 09:26:11,true,2025-09-10,10719.0,534,Godrej Lighting Kid,33,Lighting,"Brown, Guerrero and Holland"
IKEA,Home,32014.0,2026-08-02 09:26:11,true,2025-04-18,44171.0,535,IKEA Furniture Few,98,Furniture,"Franco, Silva and Buchanan"
PepsiCo,Grocery,954.0,2026-08-02 09:26:11,true,2024-10-05,1575.0,536,PepsiCo Fruits Identify,116,Fruits,"Day, Smith and Mitchell"
Adidas,Fashion,6550.0,2026-08-02 09:26:11,true,2025-03-27,9491.0,537,Adidas Kidswear Safe,400,Kidswear,Compton Ltd
Zara,Fashion,920.0,2026-08-02 09:26:11,true,2026-06-03,1231.0,538,Zara Kidswear Official,342,Kidswear,Noble-Williams
Britannia,Grocery,503.0,2026-08-02 09:26:11,true,2025-12-18,710.0,539,Britannia Fruits Huge,16,Fruits,Orr Ltd
Maybelline,Beauty,765.0,2026-08-02 09:26:11,true,2025-07-05,1379.0,540,Maybelline Fragrances Their,358,Fragrances,"Mahoney, May and Thomas"
Lakmé,Beauty,2073.0,2026-08-02 09:26:11,true,2025-06-14,2891.0,541,Lakmé Fragrances Outside,167,Fragrances,Gonzalez PLC
Nestlé,Grocery,1103.0,2026-08-02 09:26:11,true,2025-12-27,1750.0,542,Nestlé Beverages Analysis,222,Beverages,"Murillo, Gomez and Walker"
L'Oréal,Beauty,971.0,2026-08-02 09:26:11,true,2025-09-13,1309.0,543,L'Oréal Haircare Television,278,Haircare,Smith Inc
L'Oréal,Beauty,532.0,2026-08-02 09:26:11,true,2025-03-31,764.0,544,L'Oréal Personal Care Almost,405,Personal Care,Dunn-Kelly
Godrej,Home,17607.0,2026-08-02 09:26:11,true,2025-07-07,25397.0,545,Godrej Bedding Father,146,Bedding,Martin PLC
Nestlé,Grocery,300.0,2026-08-02 09:26:11,true,2026-06-05,383.0,546,Nestlé Fruits Option,388,Fruits,Hendricks Group
Kellogg's,Grocery,1395.0,2026-08-02 09:26:11,true,2025-07-31,1837.0,547,Kellogg's Fruits Model,205,Fruits,"Miller, Newman and Quinn"
L'Oréal,Beauty,2882.0,2026-08-02 09:26:11,true,2024-09-28,4684.0,548,L'Oréal Personal Care Technology,408,Personal Care,Price-Hernandez
Britannia,Grocery,1140.0,2026-08-02 09:26:11,true,2025-03-31,1526.0,549,Britannia Dairy Name,290,Dairy,Brown Ltd
H&M,Fashion,3645.0,2026-08-02 09:26:11,true,2025-03-08,6673.0,550,H&M Men's Clothing Bag,215,Men's Clothing,Lindsey Ltd
Britannia,Grocery,125.0,2026-08-02 09:26:11,true,2025-08-01,192.0,551,Britannia Vegetables Citizen,113,Vegetables,Shepard-Edwards
Samsung,Electronics,23951.0,2026-08-02 09:26:11,true,2026-03-13,30866.0,552,Samsung Mobile Phones Us,340,Mobile Phones,Cisneros-Church
Zara,Fashion,6780.0,2026-08-02 09:26:11,true,2025-04-02,9749.0,553,Zara Accessories Region,389,Accessories,"Hernandez, Hayes and Rose"
Dove,Beauty,2468.0,2026-08-02 09:26:11,true,2025-12-25,3996.0,554,Dove Personal Care View,424,Personal Care,"York, Hensley and Cole"
Sony,Electronics,27229.0,2026-08-02 09:26:11,true,2026-02-13,31347.0,555,Sony Headphones Party,369,Headphones,"Blair, Bush and Perez"
H&M,Fashion,4873.0,2026-08-02 09:26:11,true,2025-02-23,8534.0,556,H&M Kidswear Interesting,380,Kidswear,Johnson Group
Samsung,Electronics,69130.0,2026-08-02 09:26:11,true,2025-02-02,91867.0,557,Samsung Mobile Phones Southern,165,Mobile Phones,Henderson Ltd
Adidas,Fashion,2308.0,2026-08-02 09:26:11,true,2024-11-21,3457.0,558,Adidas Men's Clothing Determine,220,Men's Clothing,"Powell, Griffith and Bryan"
H&M,Fashion,4031.0,2026-08-02 09:26:11,true,2025-10-02,6131.0,559,H&M Kidswear Right,380,Kidswear,"Ward, Martinez and Oneill"
Levi's,Fashion,435.0,2026-08-02 09:26:11,true,2025-03-09,666.0,560,Levi's Men's Clothing Wide,315,Men's Clothing,Leon-Campbell
L'Oréal,Beauty,3020.0,2026-08-02 09:26:11,true,2025-08-15,4184.0,561,L'Oréal Makeup Security,5,Makeup,"Pope, Shaw and Holloway"
Bose,Electronics,54336.0,2026-08-02 09:26:11,true,2025-04-15,71725.0,562,Bose Headphones Could,442,Headphones,"Brown, Smith and Coleman"
Levi's,Fashion,683.0,2026-08-02 09:26:11,true,2026-01-31,936.0,563,Levi's Women's Clothing Leader,45,Women's Clothing,Jackson-Kelly
Nike,Fashion,4342.0,2026-08-02 09:26:11,true,2025-02-25,6340.0,564,Nike Kidswear World,424,Kidswear,"Green, Gomez and Lindsey"
Dell,Electronics,72414.0,2026-08-02 09:26:11,true,2024-12-08,83180.0,565,Dell Mobile Phones Message,315,Mobile Phones,Crawford PLC
Apple,Electronics,45042.0,2026-08-02 09:26:11,true,2025-03-30,55004.0,566,Apple Laptops Forward,271,Laptops,Everett-Wood
Sony,Electronics,52293.0,2026-08-02 09:26:11,true,2024-12-20,61563.0,567,Sony Laptops Past,6,Laptops,Castillo-Guerrero
IKEA,Home,11612.0,2026-08-02 09:26:11,true,2025-12-04,16003.0,568,IKEA Furniture State,478,Furniture,Morris PLC
Britannia,Grocery,556.0,2026-08-02 09:26:11,true,2024-10-11,736.0,569,Britannia Dairy West,179,Dairy,Oliver PLC
Nestlé,Grocery,208.0,2026-08-02 09:26:11,true,2024-12-19,285.0,570,Nestlé Fruits Really,179,Fruits,"Kim, Hamilton and Carter"
H&M,Fashion,7048.0,2026-08-02 09:26:11,true,2026-05-08,9685.0,571,H&M Women's Clothing Off,320,Women's Clothing,Garcia Ltd
Levi's,Fashion,3515.0,2026-08-02 09:26:11,true,2024-08-12,5151.0,572,Levi's Accessories Left,59,Accessories,Williams and Sons
Samsung,Electronics,64040.0,2026-08-02 09:26:11,true,2026-04-18,89895.0,573,Samsung Headphones Anyone,118,Headphones,"Gordon, Andrade and Scott"
Amul,Grocery,1134.0,2026-08-02 09:26:11,true,2026-02-06,1621.0,574,Amul Snacks Human,371,Snacks,"Hudson, Collins and Torres"
PepsiCo,Grocery,1034.0,2026-08-02 09:26:11,true,2025-08-09,1551.0,575,PepsiCo Snacks Notice,182,Snacks,Garrett Ltd
Lakmé,Beauty,2757.0,2026-08-02 09:26:11,true,2026-03-26,4198.0,576,Lakmé Skincare Listen,31,Skincare,Wood-Nichols
L'Oréal,Beauty,1436.0,2026-08-02 09:26:11,true,2025-06-29,2546.0,577,L'Oréal Personal Care Resource,361,Personal Care,"Boyle, Oconnor and Smith"
Philips,Home,31822.0,2026-08-02 09:26:11,true,2026-07-31,48147.0,578,Philips Furniture Image,208,Furniture,"Cannon, Thompson and Ryan"
Amul,Grocery,954.0,2026-08-02 09:26:11,true,2025-08-10,1221.0,579,Amul Dairy Six,296,Dairy,Barr and Sons
Godrej,Home,17958.0,2026-08-02 09:26:11,true,2025-08-09,22163.0,580,Godrej Decor News,151,Decor,"Palmer, Atkins and Mclaughlin"
Maybelline,Beauty,955.0,2026-08-02 09:26:11,true,2026-06-04,1480.0,581,Maybelline Skincare Tend,470,Skincare,Harris-Rollins
Samsung,Electronics,55591.0,2026-08-02 09:26:11,true,2026-01-09,61903.0,582,Samsung Cameras Not,167,Cameras,Houston-Jackson
Nivea,Beauty,2634.0,2026-08-02 09:26:11,true,2026-05-03,4772.0,583,Nivea Fragrances Month,209,Fragrances,Pope-Singh
Adidas,Fashion,7276.0,2026-08-02 09:26:11,true,2025-04-02,9832.0,584,Adidas Kidswear Decade,424,Kidswear,Cochran-Weber
Apple,Electronics,72433.0,2026-08-02 09:26:11,true,2025-08-04,92812.0,585,Apple Mobile Phones However,326,Mobile Phones,"Mcpherson, Peters and Dickerson"
Levi's,Fashion,1089.0,2026-08-02 09:26:11,true,2024-08-07,1533.0,586,Levi's Men's Clothing Who,96,Men's Clothing,"Allen, Leon and Weber"
Sony,Electronics,73067.0,2026-08-02 09:26:11,true,2024-09-12,94327.0,587,Sony Laptops Develop,15,Laptops,Schmidt-Morgan
Lakmé,Beauty,294.0,2026-08-02 09:26:11,true,2025-05-31,501.0,588,Lakmé Haircare Month,162,Haircare,Davis Inc
Britannia,Grocery,601.0,2026-08-02 09:26:11,true,2026-02-02,885.0,589,Britannia Vegetables Fall,317,Vegetables,Campos-Williams
L'Oréal,Beauty,2472.0,2026-08-02 09:26:11,true,2025-07-30,4289.0,590,L'Oréal Fragrances Once,200,Fragrances,Vasquez Ltd
Maybelline,Beauty,1660.0,2026-08-02 09:26:11,true,2026-03-04,2926.0,591,Maybelline Haircare Memory,334,Haircare,"Clark, Raymond and Kirby"
Zara,Fashion,1682.0,2026-08-02 09:26:11,true,2025-11-02,2259.0,592,Zara Women's Clothing Its,106,Women's Clothing,"Sullivan, Nash and Pineda"
Sony,Electronics,59765.0,2026-08-02 09:26:11,true,2025-11-28,70716.0,593,Sony Smartwatches Claim,27,Smartwatches,Barton and Sons
Apple,Electronics,11082.0,2026-08-02 09:26:11,true,2024-08-30,15698.0,594,Apple Mobile Phones Capital,162,Mobile Phones,Hutchinson Ltd
Lakmé,Beauty,2478.0,2026-08-02 09:26:11,true,2024-08-26,3764.0,595,Lakmé Fragrances Hot,73,Fragrances,Mcgee-Baldwin
Dell,Electronics,69576.0,2026-08-02 09:26:11,true,2025-06-08,93284.0,596,Dell Laptops Top,21,Laptops,Ray-Williams
Samsung,Electronics,57527.0,2026-08-02 09:26:11,true,2025-10-13,78098.0,597,Samsung Smartwatches Leader,230,Smartwatches,Wang LLC
IKEA,Home,23650.0,2026-08-02 09:26:11,true,2025-01-27,29201.0,598,IKEA Bedding Fight,244,Bedding,Roth-Curry
Apple,Electronics,44045.0,2026-08-02 09:26:11,true,2025-10-04,53298.0,599,Apple Headphones South,308,Headphones,"Johnson, Carter and Brown"
IKEA,Home,4686.0,2026-08-02 09:26:11,true,2024-12-17,6209.0,600,IKEA Lighting Defense,14,Lighting,Richard PLC
